ID,Name,LastName,Age,Birth,Passport,Phone,Email,Address
0,sdwd,dw,3,3,fewf,34,dfsf,fdf
ID,Name,LastName,Age,Birth,Passport,Phone,Email,Address
0,Ahmed,Ali,21,5,P'lot,545225,dfdfdc,szcxz
ID,Name,LastName,Age,Birth,Passport,Phone,Email,Address
0,salim,salih,32,32,pilot,555555,sdasfd,sdfdsf
ID,Name,LastName,Age,Birth,Passport,Phone,Email,Address
1111,w,w,3,3,w,232,sds,df
ID,Name,LastName,Age,Birth,Passport,Phone,Email,Address
200110,Abdellah ,Aidaros,21,20011027,Admin,535525851,abdellah@gmail.com,k
